"Sylvia Banks"," Sylvia"," Banks"
"Tracy Thompson"," Tracy"," Thompson"
"Jason Farrar"," Jason"," Farrar"
"Mark Minks"," Mark"," Minks"
"Leola Brill"," Leola"," Brill"
"Herbert Rosado"," Herbert"," Rosado"
"Martin Robert"," Martin"," Robert"
"Otto Hocking"," Otto"," Hocking"
"Daniel Newman"," Daniel"," Newman"
"Nicholas Neal"," Nicholas"," Neal"
"James Fernandes"," James"," Fernandes"
"Lana Campbell"," Lana"," Campbell"
"Pedro Alfonso"," Pedro"," Alfonso"
"William Carlson"," William"," Carlson"
"Michael Armstrong"," Michael"," Armstrong"
"Terry Sanford"," Terry"," Sanford"
"Joseph Mcgee"," Joseph"," Mcgee"
"Doris Fowler"," Doris"," Fowler"
"Megan Forrester"," Megan"," Forrester"
"Philip Lane"," Philip"," Lane"
"Blanca Petrie"," Blanca"," Petrie"
"","",""
"Mmarcos Jjunca"," Mmarcos"," Jjunca"
"Mmarcos Juunca"," Mmarcos"," Juunca"
"Mmarcos Junnca"," Mmarcos"," Junnca"
"Mmarcos Juncca"," Mmarcos"," Juncca"
"Mmarcos Juncaa"," Mmarcos"," Juncaa"
"Mmarcos Jjunka"," Mmarcos"," Jjunka"
"Mmarcos Juunka"," Mmarcos"," Juunka"
"Mmarcos Junnka"," Mmarcos"," Junnka"
"Mmarcos Juncka"," Mmarcos"," Juncka"
"Mmarcos Junkaa"," Mmarcos"," Junkaa"
"Mmarcos Jjunqa"," Mmarcos"," Jjunqa"
"Mmarcos Juunqa"," Mmarcos"," Juunqa"
"Mmarcos Junnqa"," Mmarcos"," Junnqa"
"Mmarcos Juncqa"," Mmarcos"," Juncqa"
"Mmarcos Junqaa"," Mmarcos"," Junqaa"
"Mmarcos Jjwnca"," Mmarcos"," Jjwnca"
"Mmarcos Juwnca"," Mmarcos"," Juwnca"
"Mmarcos Jwnnca"," Mmarcos"," Jwnnca"
"Mmarcos Jwncca"," Mmarcos"," Jwncca"
"Mmarcos Jwncaa"," Mmarcos"," Jwncaa"
"Maarcos Jjunca"," Maarcos"," Jjunca"
"Maarcos Juunca"," Maarcos"," Juunca"
"Maarcos Junnca"," Maarcos"," Junnca"
"Maarcos Jjunka"," Maarcos"," Jjunka"
"Maarcos Juncca"," Maarcos"," Juncca"
"Maarcos Juncaa"," Maarcos"," Juncaa"
"Maarcos Juunka"," Maarcos"," Juunka"
"Maarcos Junnka"," Maarcos"," Junnka"
"Maarcos Juncka"," Maarcos"," Juncka"
"Maarcos Junkaa"," Maarcos"," Junkaa"
"Maarcos Jjunqa"," Maarcos"," Jjunqa"
"Maarcos Juunqa"," Maarcos"," Juunqa"
"Maarcos Junnqa"," Maarcos"," Junnqa"
"Maarcos Juncqa"," Maarcos"," Juncqa"
"Maarcos Junqaa"," Maarcos"," Junqaa"
"Maarcos Jjwnca"," Maarcos"," Jjwnca"
"Maarcos Juwnca"," Maarcos"," Juwnca"
"Maarcos Jwnnca"," Maarcos"," Jwnnca"
"Maarcos Jwncca"," Maarcos"," Jwncca"
"Maarcos Jwncaa"," Maarcos"," Jwncaa"
"Marrcos Jjunca"," Marrcos"," Jjunca"
"Marrcos Juunca"," Marrcos"," Juunca"
"Marrcos Junnca"," Marrcos"," Junnca"
"Marrcos Juncca"," Marrcos"," Juncca"
"Marrcos Juncaa"," Marrcos"," Juncaa"
"Marrcos Jjunka"," Marrcos"," Jjunka"
"Marrcos Juunka"," Marrcos"," Juunka"
"Marrcos Junnka"," Marrcos"," Junnka"
"Marrcos Juncka"," Marrcos"," Juncka"
"Marrcos Junkaa"," Marrcos"," Junkaa"
"Marrcos Jjunqa"," Marrcos"," Jjunqa"
"Marrcos Juunqa"," Marrcos"," Juunqa"
"Marrcos Junnqa"," Marrcos"," Junnqa"
"Marrcos Juncqa"," Marrcos"," Juncqa"
"Marrcos Junqaa"," Marrcos"," Junqaa"
"Marrcos Jjwnca"," Marrcos"," Jjwnca"
"Marrcos Juwnca"," Marrcos"," Juwnca"
"Marrcos Jwnnca"," Marrcos"," Jwnnca"
"Marrcos Jwncca"," Marrcos"," Jwncca"
"Marrcos Jwncaa"," Marrcos"," Jwncaa"
"Marccos Jjunca"," Marccos"," Jjunca"
"Marccos Juunca"," Marccos"," Juunca"
"Marccos Junnca"," Marccos"," Junnca"
"Marccos Juncca"," Marccos"," Juncca"
"Marccos Juncaa"," Marccos"," Juncaa"
"Marccos Jjunka"," Marccos"," Jjunka"
"Marccos Juunka"," Marccos"," Juunka"
"Marccos Junnka"," Marccos"," Junnka"
"Marccos Juncka"," Marccos"," Juncka"
"Marccos Junkaa"," Marccos"," Junkaa"
"Marccos Jjunqa"," Marccos"," Jjunqa"
"Marccos Juunqa"," Marccos"," Juunqa"
"Marccos Junnqa"," Marccos"," Junnqa"
"Marccos Juncqa"," Marccos"," Juncqa"
"Marccos Junqaa"," Marccos"," Junqaa"
"Marccos Jjwnca"," Marccos"," Jjwnca"
"Marccos Juwnca"," Marccos"," Juwnca"
"Marccos Jwnnca"," Marccos"," Jwnnca"
"Marccos Jwncca"," Marccos"," Jwncca"
"Marccos Jwncaa"," Marccos"," Jwncaa"
"Marcoos Jjunca"," Marcoos"," Jjunca"
"Marcoos Juunca"," Marcoos"," Juunca"
"Marcoos Junnca"," Marcoos"," Junnca"
"Marcoos Juncca"," Marcoos"," Juncca"
"Marcoos Juncaa"," Marcoos"," Juncaa"
"Marcoos Jjunka"," Marcoos"," Jjunka"
"Marcoos Juunka"," Marcoos"," Juunka"
"Marcoos Junnka"," Marcoos"," Junnka"
"Marcoos Juncka"," Marcoos"," Juncka"
"Marcoos Junkaa"," Marcoos"," Junkaa"
"Marcoos Jjunqa"," Marcoos"," Jjunqa"
"Marcoos Juunqa"," Marcoos"," Juunqa"
"Marcoos Junnqa"," Marcoos"," Junnqa"
"Marcoos Juncqa"," Marcoos"," Juncqa"
"Marcoos Junqaa"," Marcoos"," Junqaa"
"Marcoos Jjwnca"," Marcoos"," Jjwnca"
"Marcoos Juwnca"," Marcoos"," Juwnca"
"Marcoos Jwnnca"," Marcoos"," Jwnnca"
"Marcoos Jwncca"," Marcoos"," Jwncca"
"Marcoos Jwncaa"," Marcoos"," Jwncaa"
Mmarcos Jjunca, Mmarcos, Jjunca
Mmarcos Juunca, Mmarcos, Juunca
Mmarcos Junnca, Mmarcos, Junnca
Mmarcos Juncca, Mmarcos, Juncca
Mmarcos Juncaa, Mmarcos, Juncaa
Mmarcos Jjunka, Mmarcos, Jjunka
Mmarcos Juunka, Mmarcos, Juunka
Mmarcos Junnka, Mmarcos, Junnka
Mmarcos Juncka, Mmarcos, Juncka
Mmarcos Junkaa, Mmarcos, Junkaa

Jjoan Ggayan, Jjoan, Ggayan
Jjoan Gaayan, Jjoan, Gaayan
Jjoan Gayyan, Jjoan, Gayyan
Jjoan Gayaan, Jjoan, Gayaan
Jjoan Gayann, Jjoan, Gayann
Jjoan Ggaian, Jjoan, Ggaian
Jjoan Gaaian, Jjoan, Gaaian
Jjoan Gayian, Jjoan, Gayian
Jjoan Gaiaan, Jjoan, Gaiaan
Jjoan Gaiann, Jjoan, Gaiann

Mmarcos Jjunca, Mmarcos, Jjunca
Mmarcos Juunca, Mmarcos, Juunca
Mmarcos Junnca, Mmarcos, Junnca
Mmarcos Juncca, Mmarcos, Juncca
Mmarcos Juncaa, Mmarcos, Juncaa
Mmarcos Jjunka, Mmarcos, Jjunka
Mmarcos Juunka, Mmarcos, Juunka
Mmarcos Junnka, Mmarcos, Junnka
Mmarcos Juncka, Mmarcos, Juncka
Mmarcos Junkaa, Mmarcos, Junkaa

Mmarcos Jjunca, Mmarcos, Jjunca
Mmarcos Juunca, Mmarcos, Juunca
Mmarcos Junnca, Mmarcos, Junnca
Mmarcos Juncca, Mmarcos, Juncca
Mmarcos Juncaa, Mmarcos, Juncaa
Mmarcos Jjunka, Mmarcos, Jjunka
Mmarcos Juunka, Mmarcos, Juunka
Mmarcos Junnka, Mmarcos, Junnka
Mmarcos Juncka, Mmarcos, Juncka
Mmarcos Junkaa, Mmarcos, Junkaa
Mmarcos Jjunqa, Mmarcos, Jjunqa
Mmarcos Juunqa, Mmarcos, Juunqa
Mmarcos Junnqa, Mmarcos, Junnqa
Mmarcos Juncqa, Mmarcos, Juncqa
Mmarcos Junqaa, Mmarcos, Junqaa
Mmarcos Jjwnca, Mmarcos, Jjwnca
Mmarcos Juwnca, Mmarcos, Juwnca
Mmarcos Jwnnca, Mmarcos, Jwnnca
Mmarcos Jwncca, Mmarcos, Jwncca
Mmarcos Jwncaa, Mmarcos, Jwncaa

 , , 
 , , 
 , , 
 , , 

Mmarcos Jjunca, Mmarcos, Jjunca
Mmarcos Juunca, Mmarcos, Juunca
Mmarcos Junnca, Mmarcos, Junnca
Mmarcos Juncca, Mmarcos, Juncca
Mmarcos Juncaa, Mmarcos, Juncaa
Mmarcos Jjunka, Mmarcos, Jjunka
Mmarcos Juunka, Mmarcos, Juunka
Mmarcos Junnka, Mmarcos, Junnka
Mmarcos Juncka, Mmarcos, Juncka
Mmarcos Junkaa, Mmarcos, Junkaa
Mmarcos Jjunqa, Mmarcos, Jjunqa
Mmarcos Juunqa, Mmarcos, Juunqa
Mmarcos Junnqa, Mmarcos, Junnqa
Mmarcos Juncqa, Mmarcos, Juncqa
Mmarcos Junqaa, Mmarcos, Junqaa
Mmarcos Jjwnca, Mmarcos, Jjwnca
Mmarcos Juwnca, Mmarcos, Juwnca
Mmarcos Jwnnca, Mmarcos, Jwnnca
Mmarcos Jwncca, Mmarcos, Jwncca
Mmarcos Jwncaa, Mmarcos, Jwncaa
Maarcos Jjunca, Maarcos, Jjunca
Maarcos Juunca, Maarcos, Juunca
Maarcos Junnca, Maarcos, Junnca
Maarcos Juncca, Maarcos, Juncca
Maarcos Juncaa, Maarcos, Juncaa
Maarcos Jjunka, Maarcos, Jjunka
Maarcos Juunka, Maarcos, Juunka
Maarcos Junnka, Maarcos, Junnka
Maarcos Juncka, Maarcos, Juncka
Maarcos Junkaa, Maarcos, Junkaa
Maarcos Jjunqa, Maarcos, Jjunqa
Maarcos Juunqa, Maarcos, Juunqa
Maarcos Junnqa, Maarcos, Junnqa
Maarcos Juncqa, Maarcos, Juncqa
Maarcos Junqaa, Maarcos, Junqaa
Maarcos Jjwnca, Maarcos, Jjwnca
Maarcos Juwnca, Maarcos, Juwnca
Maarcos Jwnnca, Maarcos, Jwnnca
Maarcos Jwncca, Maarcos, Jwncca
Maarcos Jwncaa, Maarcos, Jwncaa
Marrcos Jjunca, Marrcos, Jjunca
Marrcos Juunca, Marrcos, Juunca
Marrcos Junnca, Marrcos, Junnca
Marrcos Juncca, Marrcos, Juncca
Marrcos Juncaa, Marrcos, Juncaa
Marrcos Jjunka, Marrcos, Jjunka
Marrcos Juunka, Marrcos, Juunka
Marrcos Junnka, Marrcos, Junnka
Marrcos Juncka, Marrcos, Juncka
Marrcos Junkaa, Marrcos, Junkaa
Marrcos Jjunqa, Marrcos, Jjunqa
Marrcos Juunqa, Marrcos, Juunqa
Marrcos Junnqa, Marrcos, Junnqa
Marrcos Juncqa, Marrcos, Juncqa
Marrcos Junqaa, Marrcos, Junqaa
Marrcos Jjwnca, Marrcos, Jjwnca
Marrcos Juwnca, Marrcos, Juwnca
Marrcos Jwnnca, Marrcos, Jwnnca
Marrcos Jwncca, Marrcos, Jwncca
Marrcos Jwncaa, Marrcos, Jwncaa
Marccos Jjunca, Marccos, Jjunca
Marccos Juunca, Marccos, Juunca
Marccos Junnca, Marccos, Junnca
Marccos Juncca, Marccos, Juncca
Marccos Juncaa, Marccos, Juncaa
Marccos Jjunka, Marccos, Jjunka
Marccos Juunka, Marccos, Juunka
Marccos Junnka, Marccos, Junnka
Marccos Juncka, Marccos, Juncka
Marccos Junkaa, Marccos, Junkaa
Marccos Jjunqa, Marccos, Jjunqa
Marccos Juunqa, Marccos, Juunqa
Marccos Junnqa, Marccos, Junnqa
Marccos Juncqa, Marccos, Juncqa
Marccos Junqaa, Marccos, Junqaa
Marccos Jjwnca, Marccos, Jjwnca
Marccos Juwnca, Marccos, Juwnca
Marccos Jwnnca, Marccos, Jwnnca
Marccos Jwncca, Marccos, Jwncca
Marccos Jwncaa, Marccos, Jwncaa
Marcoos Jjunca, Marcoos, Jjunca
Marcoos Juunca, Marcoos, Juunca
Marcoos Junnca, Marcoos, Junnca
Marcoos Juncca, Marcoos, Juncca
Marcoos Juncaa, Marcoos, Juncaa
Marcoos Jjunka, Marcoos, Jjunka
Marcoos Juunka, Marcoos, Juunka
Marcoos Junnka, Marcoos, Junnka
Marcoos Juncka, Marcoos, Juncka
Marcoos Junkaa, Marcoos, Junkaa
Marcoos Jjunqa, Marcoos, Jjunqa
Marcoos Juunqa, Marcoos, Juunqa
Marcoos Junnqa, Marcoos, Junnqa
Marcoos Juncqa, Marcoos, Juncqa
Marcoos Junqaa, Marcoos, Junqaa
Marcoos Jjwnca, Marcoos, Jjwnca
Marcoos Juwnca, Marcoos, Juwnca
Marcoos Jwnnca, Marcoos, Jwnnca
Marcoos Jwncca, Marcoos, Jwncca
Marcoos Jwncaa, Marcoos, Jwncaa
Marcoss Jjunca, Marcoss, Jjunca
Marcoss Juunca, Marcoss, Juunca
Marcoss Junnca, Marcoss, Junnca
Marcoss Juncca, Marcoss, Juncca
Marcoss Juncaa, Marcoss, Juncaa
Marcoss Jjunka, Marcoss, Jjunka
Marcoss Juunka, Marcoss, Juunka
Marcoss Junnka, Marcoss, Junnka
Marcoss Juncka, Marcoss, Juncka
Marcoss Junkaa, Marcoss, Junkaa
Marcoss Jjunqa, Marcoss, Jjunqa
Marcoss Juunqa, Marcoss, Juunqa
Marcoss Junnqa, Marcoss, Junnqa
Marcoss Juncqa, Marcoss, Juncqa
Marcoss Junqaa, Marcoss, Junqaa
Marcoss Jjwnca, Marcoss, Jjwnca
Marcoss Juwnca, Marcoss, Juwnca
Marcoss Jwnnca, Marcoss, Jwnnca
Marcoss Jwncca, Marcoss, Jwncca
Marcoss Jwncaa, Marcoss, Jwncaa
Mmarkos Jjunca, Mmarkos, Jjunca
Mmarkos Juunca, Mmarkos, Juunca
Mmarkos Junnca, Mmarkos, Junnca
Mmarkos Juncca, Mmarkos, Juncca
Mmarkos Juncaa, Mmarkos, Juncaa
Mmarkos Jjunka, Mmarkos, Jjunka
Mmarkos Juunka, Mmarkos, Juunka
Mmarkos Junnka, Mmarkos, Junnka
Mmarkos Juncka, Mmarkos, Juncka
Mmarkos Junkaa, Mmarkos, Junkaa
Mmarkos Jjunqa, Mmarkos, Jjunqa
Mmarkos Juunqa, Mmarkos, Juunqa
Mmarkos Junnqa, Mmarkos, Junnqa
Mmarkos Juncqa, Mmarkos, Juncqa
Mmarkos Junqaa, Mmarkos, Junqaa
Mmarkos Jjwnca, Mmarkos, Jjwnca
Mmarkos Juwnca, Mmarkos, Juwnca
Mmarkos Jwnnca, Mmarkos, Jwnnca
Mmarkos Jwncca, Mmarkos, Jwncca
Mmarkos Jwncaa, Mmarkos, Jwncaa
Maarkos Jjunca, Maarkos, Jjunca
Maarkos Juunca, Maarkos, Juunca
Maarkos Junnca, Maarkos, Junnca
Maarkos Juncca, Maarkos, Juncca
Maarkos Juncaa, Maarkos, Juncaa
Maarkos Jjunka, Maarkos, Jjunka
Maarkos Juunka, Maarkos, Juunka
Maarkos Junnka, Maarkos, Junnka
Maarkos Juncka, Maarkos, Juncka
Maarkos Junkaa, Maarkos, Junkaa
Maarkos Jjunqa, Maarkos, Jjunqa
Maarkos Juunqa, Maarkos, Juunqa
Maarkos Junnqa, Maarkos, Junnqa
Maarkos Juncqa, Maarkos, Juncqa
Maarkos Junqaa, Maarkos, Junqaa
Maarkos Jjwnca, Maarkos, Jjwnca
Maarkos Juwnca, Maarkos, Juwnca
Maarkos Jwnnca, Maarkos, Jwnnca
Maarkos Jwncca, Maarkos, Jwncca
Maarkos Jwncaa, Maarkos, Jwncaa
Marrkos Jjunca, Marrkos, Jjunca
Marrkos Juunca, Marrkos, Juunca
Marrkos Junnca, Marrkos, Junnca
Marrkos Juncca, Marrkos, Juncca
Marrkos Juncaa, Marrkos, Juncaa
Marrkos Jjunka, Marrkos, Jjunka
Marrkos Juunka, Marrkos, Juunka
Marrkos Junnka, Marrkos, Junnka
Marrkos Juncka, Marrkos, Juncka
Marrkos Junkaa, Marrkos, Junkaa
Marrkos Jjunqa, Marrkos, Jjunqa
Marrkos Juunqa, Marrkos, Juunqa
Marrkos Junnqa, Marrkos, Junnqa
Marrkos Juncqa, Marrkos, Juncqa
Marrkos Junqaa, Marrkos, Junqaa
Marrkos Jjwnca, Marrkos, Jjwnca
Marrkos Juwnca, Marrkos, Juwnca
Marrkos Jwnnca, Marrkos, Jwnnca
Marrkos Jwncca, Marrkos, Jwncca
Marrkos Jwncaa, Marrkos, Jwncaa
Marckos Jjunca, Marckos, Jjunca
Marckos Juunca, Marckos, Juunca
Marckos Junnca, Marckos, Junnca
Marckos Juncca, Marckos, Juncca
Marckos Juncaa, Marckos, Juncaa
Marckos Jjunka, Marckos, Jjunka
Marckos Juunka, Marckos, Juunka
Marckos Junnka, Marckos, Junnka
Marckos Juncka, Marckos, Juncka
Marckos Junkaa, Marckos, Junkaa
Marckos Jjunqa, Marckos, Jjunqa
Marckos Juunqa, Marckos, Juunqa
Marckos Junnqa, Marckos, Junnqa
Marckos Juncqa, Marckos, Juncqa
Marckos Junqaa, Marckos, Junqaa
Marckos Jjwnca, Marckos, Jjwnca
Marckos Juwnca, Marckos, Juwnca
Marckos Jwnnca, Marckos, Jwnnca
Marckos Jwncca, Marckos, Jwncca
Marckos Jwncaa, Marckos, Jwncaa
Markoos Jjunca, Markoos, Jjunca
Markoos Juunca, Markoos, Juunca
Markoos Junnca, Markoos, Junnca
Markoos Juncca, Markoos, Juncca
Markoos Juncaa, Markoos, Juncaa
Markoos Jjunka, Markoos, Jjunka
Markoos Juunka, Markoos, Juunka
Markoos Junnka, Markoos, Junnka
Markoos Juncka, Markoos, Juncka
Markoos Junkaa, Markoos, Junkaa
Markoos Jjunqa, Markoos, Jjunqa
Markoos Juunqa, Markoos, Juunqa
Markoos Junnqa, Markoos, Junnqa
Markoos Juncqa, Markoos, Juncqa
Markoos Junqaa, Markoos, Junqaa
Markoos Jjwnca, Markoos, Jjwnca
Markoos Juwnca, Markoos, Juwnca
Markoos Jwnnca, Markoos, Jwnnca
Markoos Jwncca, Markoos, Jwncca
Markoos Jwncaa, Markoos, Jwncaa
Markoss Jjunca, Markoss, Jjunca
Markoss Juunca, Markoss, Juunca
Markoss Junnca, Markoss, Junnca
Markoss Juncca, Markoss, Juncca
Markoss Juncaa, Markoss, Juncaa
Markoss Jjunka, Markoss, Jjunka
Markoss Juunka, Markoss, Juunka
Markoss Junnka, Markoss, Junnka
Markoss Juncka, Markoss, Juncka
Markoss Junkaa, Markoss, Junkaa
Markoss Jjunqa, Markoss, Jjunqa
Markoss Juunqa, Markoss, Juunqa
Markoss Junnqa, Markoss, Junnqa
Markoss Juncqa, Markoss, Juncqa
Markoss Junqaa, Markoss, Junqaa
Markoss Jjwnca, Markoss, Jjwnca
Markoss Juwnca, Markoss, Juwnca
Markoss Jwnnca, Markoss, Jwnnca
Markoss Jwncca, Markoss, Jwncca
Markoss Jwncaa, Markoss, Jwncaa
Mmarqos Jjunca, Mmarqos, Jjunca
Mmarqos Juunca, Mmarqos, Juunca
Mmarqos Junnca, Mmarqos, Junnca
Mmarqos Juncca, Mmarqos, Juncca
Mmarqos Juncaa, Mmarqos, Juncaa
Mmarqos Jjunka, Mmarqos, Jjunka
Mmarqos Juunka, Mmarqos, Juunka
Mmarqos Junnka, Mmarqos, Junnka
Mmarqos Juncka, Mmarqos, Juncka
Mmarqos Junkaa, Mmarqos, Junkaa
Mmarqos Jjunqa, Mmarqos, Jjunqa
Mmarqos Juunqa, Mmarqos, Juunqa
Mmarqos Junnqa, Mmarqos, Junnqa
Mmarqos Juncqa, Mmarqos, Juncqa
Mmarqos Junqaa, Mmarqos, Junqaa
Mmarqos Jjwnca, Mmarqos, Jjwnca
Mmarqos Juwnca, Mmarqos, Juwnca
Mmarqos Jwnnca, Mmarqos, Jwnnca
Mmarqos Jwncca, Mmarqos, Jwncca
Mmarqos Jwncaa, Mmarqos, Jwncaa
Maarqos Jjunca, Maarqos, Jjunca
Maarqos Juunca, Maarqos, Juunca
Maarqos Junnca, Maarqos, Junnca
Maarqos Juncca, Maarqos, Juncca
Maarqos Juncaa, Maarqos, Juncaa
Maarqos Jjunka, Maarqos, Jjunka
Maarqos Juunka, Maarqos, Juunka
Maarqos Junnka, Maarqos, Junnka
Maarqos Juncka, Maarqos, Juncka
Maarqos Junkaa, Maarqos, Junkaa
Maarqos Jjunqa, Maarqos, Jjunqa
Maarqos Juunqa, Maarqos, Juunqa
Maarqos Junnqa, Maarqos, Junnqa
Maarqos Juncqa, Maarqos, Juncqa
Maarqos Junqaa, Maarqos, Junqaa
Maarqos Jjwnca, Maarqos, Jjwnca
Maarqos Juwnca, Maarqos, Juwnca
Maarqos Jwnnca, Maarqos, Jwnnca
Maarqos Jwncca, Maarqos, Jwncca
Maarqos Jwncaa, Maarqos, Jwncaa
Marrqos Jjunca, Marrqos, Jjunca
Marrqos Juunca, Marrqos, Juunca
Marrqos Junnca, Marrqos, Junnca
Marrqos Juncca, Marrqos, Juncca
Marrqos Juncaa, Marrqos, Juncaa
Marrqos Jjunka, Marrqos, Jjunka
Marrqos Juunka, Marrqos, Juunka
Marrqos Junnka, Marrqos, Junnka
Marrqos Juncka, Marrqos, Juncka
Marrqos Junkaa, Marrqos, Junkaa
Marrqos Jjunqa, Marrqos, Jjunqa
Marrqos Juunqa, Marrqos, Juunqa
Marrqos Junnqa, Marrqos, Junnqa
Marrqos Juncqa, Marrqos, Juncqa
Marrqos Junqaa, Marrqos, Junqaa
Marrqos Jjwnca, Marrqos, Jjwnca
Marrqos Juwnca, Marrqos, Juwnca
Marrqos Jwnnca, Marrqos, Jwnnca
Marrqos Jwncca, Marrqos, Jwncca
Marrqos Jwncaa, Marrqos, Jwncaa
Marcqos Jjunca, Marcqos, Jjunca
Marcqos Juunca, Marcqos, Juunca
Marcqos Junnca, Marcqos, Junnca
Marcqos Juncca, Marcqos, Juncca
Marcqos Juncaa, Marcqos, Juncaa
Marcqos Jjunka, Marcqos, Jjunka
Marcqos Juunka, Marcqos, Juunka
Marcqos Junnka, Marcqos, Junnka
Marcqos Juncka, Marcqos, Juncka
Marcqos Junkaa, Marcqos, Junkaa
Marcqos Jjunqa, Marcqos, Jjunqa
Marcqos Juunqa, Marcqos, Juunqa
Marcqos Junnqa, Marcqos, Junnqa
Marcqos Juncqa, Marcqos, Juncqa
Marcqos Junqaa, Marcqos, Junqaa
Marcqos Jjwnca, Marcqos, Jjwnca
Marcqos Juwnca, Marcqos, Juwnca
Marcqos Jwnnca, Marcqos, Jwnnca
Marcqos Jwncca, Marcqos, Jwncca
Marcqos Jwncaa, Marcqos, Jwncaa
Marqoos Jjunca, Marqoos, Jjunca
Marqoos Juunca, Marqoos, Juunca
Marqoos Junnca, Marqoos, Junnca
Marqoos Juncca, Marqoos, Juncca
Marqoos Juncaa, Marqoos, Juncaa
Marqoos Jjunka, Marqoos, Jjunka
Marqoos Juunka, Marqoos, Juunka
Marqoos Junnka, Marqoos, Junnka
Marqoos Juncka, Marqoos, Juncka
Marqoos Junkaa, Marqoos, Junkaa
Marqoos Jjunqa, Marqoos, Jjunqa
Marqoos Juunqa, Marqoos, Juunqa
Marqoos Junnqa, Marqoos, Junnqa
Marqoos Juncqa, Marqoos, Juncqa
Marqoos Junqaa, Marqoos, Junqaa
Marqoos Jjwnca, Marqoos, Jjwnca
Marqoos Juwnca, Marqoos, Juwnca
Marqoos Jwnnca, Marqoos, Jwnnca
Marqoos Jwncca, Marqoos, Jwncca
Marqoos Jwncaa, Marqoos, Jwncaa
Marqoss Jjunca, Marqoss, Jjunca
Marqoss Juunca, Marqoss, Juunca
Marqoss Junnca, Marqoss, Junnca
Marqoss Juncca, Marqoss, Juncca
Marqoss Juncaa, Marqoss, Juncaa
Marqoss Jjunka, Marqoss, Jjunka
Marqoss Juunka, Marqoss, Juunka
Marqoss Junnka, Marqoss, Junnka
Marqoss Juncka, Marqoss, Juncka
Marqoss Junkaa, Marqoss, Junkaa
Marqoss Jjunqa, Marqoss, Jjunqa
Marqoss Juunqa, Marqoss, Juunqa
Marqoss Junnqa, Marqoss, Junnqa
Marqoss Juncqa, Marqoss, Juncqa
Marqoss Junqaa, Marqoss, Junqaa
Marqoss Jjwnca, Marqoss, Jjwnca
Marqoss Juwnca, Marqoss, Juwnca
Marqoss Jwnnca, Marqoss, Jwnnca
Marqoss Jwncca, Marqoss, Jwncca
Marqoss Jwncaa, Marqoss, Jwncaa
Mmarcs Jjunca, Mmarcs, Jjunca
Mmarcs Juunca, Mmarcs, Juunca
Mmarcs Junnca, Mmarcs, Junnca
Mmarcs Juncca, Mmarcs, Juncca
Mmarcs Juncaa, Mmarcs, Juncaa
Mmarcs Jjunka, Mmarcs, Jjunka
Mmarcs Juunka, Mmarcs, Juunka
Mmarcs Junnka, Mmarcs, Junnka
Mmarcs Juncka, Mmarcs, Juncka
Mmarcs Junkaa, Mmarcs, Junkaa
Mmarcs Jjunqa, Mmarcs, Jjunqa
Mmarcs Juunqa, Mmarcs, Juunqa
Mmarcs Junnqa, Mmarcs, Junnqa
Mmarcs Juncqa, Mmarcs, Juncqa
Mmarcs Junqaa, Mmarcs, Junqaa
Mmarcs Jjwnca, Mmarcs, Jjwnca
Mmarcs Juwnca, Mmarcs, Juwnca
Mmarcs Jwnnca, Mmarcs, Jwnnca
Mmarcs Jwncca, Mmarcs, Jwncca
Mmarcs Jwncaa, Mmarcs, Jwncaa
Maarcs Jjunca, Maarcs, Jjunca
Maarcs Juunca, Maarcs, Juunca
Maarcs Junnca, Maarcs, Junnca
Maarcs Juncca, Maarcs, Juncca
Maarcs Juncaa, Maarcs, Juncaa
Maarcs Jjunka, Maarcs, Jjunka
Maarcs Juunka, Maarcs, Juunka
Maarcs Junnka, Maarcs, Junnka
Maarcs Juncka, Maarcs, Juncka
Maarcs Junkaa, Maarcs, Junkaa
Maarcs Jjunqa, Maarcs, Jjunqa
Maarcs Juunqa, Maarcs, Juunqa
Maarcs Junnqa, Maarcs, Junnqa
Maarcs Juncqa, Maarcs, Juncqa
Maarcs Junqaa, Maarcs, Junqaa
Maarcs Jjwnca, Maarcs, Jjwnca
Maarcs Juwnca, Maarcs, Juwnca
Maarcs Jwnnca, Maarcs, Jwnnca
Maarcs Jwncca, Maarcs, Jwncca
Maarcs Jwncaa, Maarcs, Jwncaa
